<lsf>
    <initials>
        <reference length="20" />
        <!-- axis length; "0" means no axis displayed -->
        <root id="ground" />
        <!-- identifier of root node of the scene graph; this node -->
        <!-- must be defined in one of the following NODE declarations -->
    </initials>
    <views default="harryAnimation1">
        <!-- at least one of the following type of cameras must be declared -->
        <perspective id="globalCamera" near="0.1" far="500" angle="60">
            <from x="50" y="40" z="10" />
            <to x="0" y="0" z="0" />
        </perspective>
        <perspective id="harryAnimation1" near="0.1" far="500" angle="60">
            <from x="17" y="11" z="11" />
            <to x="0" y="0" z="0" />
        </perspective>
        <perspective id="harryAnimation2" near="0.1" far="500" angle="60">
            <from x="0" y="12" z="18" />
            <to x="0" y="0" z="0" />
        </perspective>
        <perspective id="entrance" near="0.1" far="500" angle="60">
            <from x="0" y="35" z="60" />
            <to x="0" y="0" z="15" />
        </perspective>
        <perspective id="entranceTunnel" near="0.1" far="500" angle="60">
            <from x="15" y="12" z="20" />
            <to x="0" y="0" z="17" />
        </perspective>
        <perspective id="birdsEye" near="0.1" far="500" angle="60">
            <from x="1" y="70" z="0" />
            <to x="0" y="0" z="0" />
        </perspective>
        <perspective id="cylinderRadiusDemo" near="0.1" far="500" angle="60">
            <from x="100" y="15" z="160" />
            <to x="100" y="0" z="140" />
        </perspective>
        <perspective id="barrelRadiusDemo" near="0.1" far="500" angle="60">
            <from x="190" y="15" z="165" />
            <to x="190" y="0" z="140" />
        </perspective>
        <perspective id="patchDemo" near="0.1" far="500" angle="60">
            <from x="240" y="15" z="160" />
            <to x="240" y="0" z="140" />
        </perspective>
        <perspective id="scalingFactorDemo" near="0.1" far="500" angle="60">
            <from x="140" y="5" z="160" />
            <to x="140" y="0" z="140" />
        </perspective>
        <perspective id="flagDetail" near="0.1" far="500" angle="60">
            <from x="10.416" y="31" z="17.26" />
            <to x="7.416" y="28" z="14.26" />
        </perspective>
        <perspective id="insideCabin" near="0.1" far="500" angle="60">
            <from x="0.416" y="17" z="-4.26" />
            <to x="-7.416" y="16" z="-14.26" />
        </perspective>
        <perspective id="hoops" near="0.1" far="500" angle="60">
            <from x="25" y="15" z="0" />
            <to x="15" y="10" z="0" />
        </perspective>
        <ortho id="orthoView"  near="0.1" far="500" left="-50" right="50" top="50" bottom="-50" >
            <from x="30" y="30" z="30" />
            <to x="0" y="0" z="0" />
            <up x="0" y="1" z="0" /> <!-- optional, default 0,1,0 -->
        </ortho>
    </views>

    <illumination>
        <ambient r="0.2" g="0.2" b="0.2" a="1.0" />           <!-- global ambient -->
        <background r="0" g="0" b="0" a="1.0" />        <!-- background color -->
    </illumination>


    <lights>
        <light id="default-light">
            <enable value="true" />
            <position x="0" y="15" z="0" w="1.0" />
            <ambient r="0.5" g="0.5" b="0.5" a="1.0" />
            <diffuse r="1.0" g="1.0" b="1.0" a="1.0" />
            <specular r="1.0" g="1.0" b="1.0" a="1.0" />
        </light>

        <light id="entrance-light">
            <enable value="true" />
            <position x="0" y="15" z="40" w="1.0" />
            <ambient r="0.1" g="0.1" b="0.1" a="1.0" />
            <diffuse r="0.9" g="0.9" b="0.9" a="1.0" />
            <specular r="0.9" g="0.9" b="0.9" a="0.9" />
        </light>

        <light id="red-light"> 
            <enable value="false" />
            <position x="0" y="15" z="0" w="1.0" />
            <ambient r=".5" g=".5" b=".5" a="1.0" />
            <diffuse r="1.0" g="0" b="0" a="1.0" />
            <specular r="1.0" g="0" b="0" a="1.0" />
        </light>

        <light id="green-light"> 
            <enable value="false" />
            <position x="0" y="15" z="0" w="1.0" />
            <ambient r=".5" g=".5" b=".5" a="1.0" />
            <diffuse r="0" g="1.0" b="0" a="1.0" />
            <specular r="0" g="1.0" b="0" a="1.0" />
        </light>

        <light id="directional-light"> 
            <enable value="false" />
            <position x="10" y="10" z="10" w="0" />
            <ambient r="1" g="1" b="1" a="1.0" />
            <diffuse r="1.0" g="1.0" b="1.0" a="1.0" />
            <specular r="1.0" g="1.0" b="1.0" a="1.0" />
        </light>
    </lights>

    <textures>
        <texture id="gryffindorTexture" path="./scenes/images/gryffindorPattern.jpg" />
        <texture id="ravenclawTexture" path="./scenes/images/ravenclawPattern.jpg" />
        <texture id="hufflepuffTexture" path="./scenes/images/hufflepuffPattern.jpg" />
        <texture id="slytherinTexture" path="./scenes/images/slytherinPattern.jpg" />
        <texture id="groundTexture" path="./scenes/images/quidditchField.jpg" />
        <texture id="groundBarrierTexture" path="./scenes/images/groundBarrierTexture.jpeg" />
        <texture id="genericWood" path="./scenes/images/genericWood.jpeg" />
        <texture id="tentTissue" path="./scenes/images/tentTissue2.jpeg" />
        <texture id="metalTexture" path="./scenes/images/metalTexture.jpeg" />
        <texture id="test" path="./scenes/images/test.jpg" />
    </textures>


    <!-- spritesheets -->
    <!-- o bloco "spritesheets" deve ser declarado -->
    <!-- imediatamente após o bloco "textures" -->

    <spritesheets>
        <spritesheet id="purpleSkullSmoke" path="./scenes/images/skull_smoke_purple.png" sizeM="19" sizeN="2"/>
        <spritesheet id="fireballBlue" path="./scenes/images/fireball_blue.png" sizeM="4" sizeN="10"/>
        <spritesheet id="harry" path="./scenes/images/harry.png" sizeM="11" sizeN="2"/>
        <spritesheet id="door" path="./scenes/images/door.png" sizeM="3" sizeN="4"/>
    </spritesheets>


    <materials>
        <!-- NOTE: the "MATERIAL" block may be repeated as required. Each defined material
         requires a distinct "id". At least one material should be present. -->
        <material id="defaultMaterial">
            <shininess value="0" />
            <ambient r="0.8" g="0.8" b="0.8" a="1.0" />
            <diffuse r="0.8" g="0.8" b="0.8" a="1.0" />
            <specular r="0.01" g="0.01" b="0.01" a="1.0" />
            <emissive r="0" g="0" b="0" a="1.0" />
        </material>
        <material id="metalMaterial">
            <shininess value="0" />
            <ambient r="0.5" g="0.5" b="0.5" a="1.0" />
            <diffuse r="0.01" g="0.01" b="0.01" a="1.0" />
            <specular r="1" g="1" b="1" a="1.0" />
            <emissive r="0" g="0" b="0" a="1.0" />
        </material>
        <material id="tentMaterial">
            <shininess value="0" />
            <ambient r="0.4" g="0.4" b="0.4" a="1.0" />
            <diffuse r="0.5" g="0.5" b="0.5" a="1.0" />
            <specular r="0.01" g="0.01" b="0.01" a="1.0" />
            <emissive r="0" g="0" b="0" a="1.0" />
        </material>
        <material id="towerMaterial">
            <shininess value="0" />
            <ambient r="0.85" g="0.85" b="0.85" a="1.0" />
            <diffuse r="0.3" g="0.3" b="0.3" a="1.0" />
            <specular r="0.7" g="0.7" b="0.7" a="1.0" />
            <emissive r="0" g="0" b="0" a="1.0" />
        </material>
        <material id="woodMaterial">
            <shininess value="0" />
            <ambient r="0.65" g="0.65" b="0.65" a="1.0" />
            <diffuse r="0.8" g="0.8" b="0.8" a="1.0" />
            <specular r="0.01" g="0.01" b="0.01" a="1.0" />
            <emissive r="0" g="0" b="0" a="1.0" />
        </material>
        <material id="groundMaterial">
            <shininess value="0" />
            <ambient r="1" g="1" b="1" a="1.0" />
            <diffuse r="0.8" g="0.8" b="0.8" a="1.0" />
            <specular r="0" g="0" b="0" a="1.0" />
            <emissive r="0" g="0" b="0" a="1.0" />
        </material>
        <material id="flagGenericMaterial">
            <shininess value="0" />
            <ambient r="0.15" g="0.15" b="0.15" a="1.0" />
            <diffuse r="0" g="0" b="0" a="1.0" />
            <specular r="0.2" g="0.2" b="0.2" a="1.0" />
            <emissive r="0" g="0" b="0" a="1.0" />
        </material>
        <material id="blackMaterial">
            <shininess value="0" />
            <ambient r="0" g="0" b="0" a="1.0" />
            <diffuse r="0" g="0" b="0" a="1.0" />
            <specular r="0" g="0" b="0" a="1.0" />
            <emissive r="0" g="0" b="0" a="1.0" />
        </material>
    </materials>

    <animations>
        <animation id="crazyBanner1" replay="1">
            <keyframe instant="0">
                <rotation axis="y" angle="90" />
            </keyframe>
            <keyframe instant="0.4">
                <translation x="0" y="-5" z="0" />
                <rotation axis="y" angle="140" />
            </keyframe>
            <keyframe instant="1.3">
                <translation x="0" y="-3" z="0" />
                <rotation axis="y" angle="280" />
            </keyframe>
            <keyframe instant="1.6">
                <translation x="0" y="-4" z="0" />
                <rotation axis="y" angle="140" />
            </keyframe>
            <keyframe instant="2">
                <translation x="0" y="-1" z="0" />
                <rotation axis="y" angle="340" />
            </keyframe>
            <keyframe instant="2.3">
                <translation x="0" y="-6" z="0" />
                <rotation axis="y" angle="400" />
            </keyframe>
            <keyframe instant="2.9">
                <translation x="0" y="0" z="0" />
                <rotation axis="y" angle="450" />
            </keyframe>
        </animation>

        <animation id="crazyBanner2" replay="1">
            <keyframe instant="0">
                <translation x="0" y="-2" z="0" />
                <rotation axis="y" angle="23" />
            </keyframe>
            <keyframe instant="0.3">
                <translation x="0" y="0" z="0" />
                <rotation axis="y" angle="600" />
                <scale sx="1.3" sy="1.3" sz="1.3" />
            </keyframe>
            <keyframe instant="1.4">
                <translation x="0" y="-4.2" z="0" />
                <rotation axis="y" angle="136" />
            </keyframe>
            <keyframe instant="1.7">
                <translation x="0" y="-2" z="0" />
                <rotation axis="y" angle="379" />
            </keyframe>
            <keyframe instant="1.9">
                <translation x="0" y="-6" z="0" />
                <rotation axis="y" angle="90" />
                <scale sx="0.8" sy="0.8" sz="0.8" />
            </keyframe>
            <keyframe instant="2.4">
                <translation x="0" y="-4" z="0" />
                <rotation axis="y" angle="500" />
            </keyframe>
            <keyframe instant="2.8">
                <translation x="0" y="-2" z="0" />
                <rotation axis="y" angle="23" />
            </keyframe>
        </animation>
        
        <animation id="crazyBanner3" replay="0">
            <keyframe instant="0">
            </keyframe>
            <keyframe instant="1">
                <translation x="0" y="-5" z="0" />
            </keyframe>
            <keyframe instant="2">
                <scale sx="2" sy="2" sz="2"/>
            </keyframe>
            <keyframe instant="2.5">
                <rotation axis="y" angle="180" />
            </keyframe>
            <keyframe instant="3">
                <rotation axis="y" angle="360" />
                <scale sx="1" sy="1" sz="1" />
            </keyframe>
            <keyframe instant="3.5">
                <translation x="0" y="0" z="0" />
            </keyframe>
        </animation>

        <animation id="crazyBanner4" replay="1">
            <keyframe instant="0">
            </keyframe>
            <keyframe instant="0.25">
                <translation x="0" y="-1" z="0" />
                <rotation axis="y" angle="72" />
            </keyframe>
            <keyframe instant="0.5">
                <translation x="0" y="-2" z="0" />
                <rotation axis="y" angle="144" />
            </keyframe>
            <keyframe instant="0.75">
                <translation x="0" y="-3" z="0" />
                <rotation axis="y" angle="216" />
            </keyframe>
            <keyframe instant="1">
                <translation x="0" y="-4" z="0" />
                <rotation axis="y" angle="288" />
            </keyframe>
            <keyframe instant="1.25">
                <translation x="0" y="-5" z="0" />
                <rotation axis="y" angle="360" />
            </keyframe>

            <keyframe instant="1.5">
                <translation x="0" y="-4" z="0" />
                <rotation axis="y" angle="288" />
            </keyframe>
            <keyframe instant="1.75">
                <translation x="0" y="-3" z="0" />
                <rotation axis="y" angle="216" />
            </keyframe>
            <keyframe instant="2">
                <translation x="0" y="-2" z="0" />
                <rotation axis="y" angle="144" />
            </keyframe>
            <keyframe instant="2.25">
                <translation x="0" y="-1" z="0" />
                <rotation axis="y" angle="72" />
            </keyframe>
            <keyframe instant="2.5">
            </keyframe>
        </animation>
        
        <animation id="spellAnimation" replay="1">
            <keyframe instant="2.9">
                <translation x="0" y="0" z="0" />
            </keyframe>

            <keyframe instant="3.5">
                <translation x="1.2" y="0" z="0" />
            </keyframe>

            <keyframe instant="4.1">
                <translation x="2.5" y="0" z="0" />
            </keyframe>

            <keyframe instant="5">
                <translation x="5" y="0" z="0" />
            </keyframe>
        </animation>
    </animations>

    <nodes>
        <!-- ** SOME OF NODES THAT ARE REFERENCED HAVE NOT YET BEEN DEFINED ** -->
        <node id="ground">
            <!-- next two lines are mandatory -->
            <material id="defaultMaterial" /><!-- this superimposes the material received from parent node id="null" maintains material from parent node -->

            <texture id="clear"><!-- declared texture superimposes the texture received from parent node id="null" maintains texture from parent node id="clear" clears texture declaration received from parent node -->
                <amplification afs="1" aft="1" /><!-- for primitives = dx/afs, dy/aft -->
            </texture>

            <transformations>
            </transformations>

            <descendants>
                <noderef id="quidditchField" />
                <noderef id="tent" />
                <noderef id="groundSurface" />
                <noderef id="scalingFactorDemonstration" />
                <noderef id="cylinderRadiusDemo" />
                <noderef id="barrelRadiusDemo" />
                <noderef id="patchDemo" />
                <noderef id="harryAnimation" />
                <noderef id="skullAnimation" />
                <noderef id="tunnel" />
            </descendants>
        </node>
        <node id="tunnel">
            <material id="null" />

            <texture id="groundBarrierTexture">
                <amplification afs="1" aft="1" />
            </texture>

            <transformations>
                <translation x="0" y="0" z="15"/>
            </transformations>

            <descendants>
                <leaf type="defbarrel" base="3" middle="4" height="5" slices="200" stacks="200" />
            </descendants>
        </node>
        <node id="skullAnimation">
            <material id="null" />

            <texture id="null">
                <amplification afs="1" aft="1" />
            </texture>

            <transformations>
                <translation x="-10" y="1" z="0"/>
                <scale sx="5" sy="5" sz="5" />
                <rotation axis="y" angle="90" />
                <translation x="0" y="0.5" z="0" />
            </transformations>

            <descendants>
                <leaf type="spriteanim" ssid="purpleSkullSmoke" duration="5" startCell="0" endCell="37"/>
            </descendants>

        </node>
        <node id="harryAnimation">
            <material id="null" />

            <texture id="null">
                <amplification afs="1" aft="1" />
            </texture>

            <transformations>
                <translation x="10" y="0" z="0"/>
                <scale sx="5" sy="5" sz="5" />
                <translation x="0.5" y="0.5" z="0"/>
            </transformations>

            <descendants>
                <leaf type="spriteanim" ssid="harry" duration="5" startCell="0" endCell="20"/>
                <noderef id="spellAnimation" />
            </descendants>
        </node>
        <node id="spellAnimation">
            <material id="null" />

            <texture id="null">
                <amplification afs="1" aft="1" />
            </texture>

            <transformations>
                <translation x="0" y ="1.25" z="-0.1"/>
                <rotation axis="x" angle="180" />
                <scale sx="-1" sy="1" sz="1" />
                <translation x="0.5" y="1" z="0"/>
            </transformations>

            <animationref id="spellAnimation" />

            <descendants>
                <leaf type="spriteanim" ssid="fireballBlue" duration="5" startCell="0" endCell="39"/>
            </descendants>
        </node>
        <node id="groundSurface">
            <material id="groundMaterial" />

            <texture id="groundTexture">
                <amplification afs="1" aft="1" />
            </texture>

            <transformations>
                <scale sx="60" sy="60" sz="60" />
            </transformations>
 
            <descendants>               
                <leaf type="plane" npartsU="60" npartsV="60" />
                
            </descendants>
        </node>
        <node id="cylinderRadiusDemo">
            <material id="groundMaterial" />

            <texture id="groundTexture">
                <amplification afs="60" aft="60" />
            </texture>

            <transformations>
                <translation x="100" y="6" z="140" />
                <rotation axis="x" angle="90" />
            </transformations>
 
            <descendants>               
                <leaf type="cylinder" height="6" topRadius="4" bottomRadius="2" stacks="5" slices="30"/>
            </descendants>
        </node>
        <node id="barrelRadiusDemo">
            <material id="groundMaterial" />

            <texture id="groundTexture">
                <amplification afs="60" aft="60" />
            </texture>

            <transformations>
            </transformations>
 
            <descendants>
                <noderef id="barrelRadiusDemo1" />
                <noderef id="barrelRadiusDemo2" />
                <noderef id="barrelRadiusDemo3" />
            </descendants>
        </node>
        <node id="barrelRadiusDemo1">
            <material id="null" />

            <texture id="null">
                <amplification afs="60" aft="60" />
            </texture>

            <transformations>
                <translation x="170" y="6" z="140" />
                <rotation axis="x" angle="90" />
            </transformations>
 
            <descendants>               
                <leaf type="defbarrel" base="3" middle="4" height="10" slices="200" stacks="200" />
            </descendants>
        </node>
        <node id="barrelRadiusDemo2">
            <material id="null" />

            <texture id="null">
                <amplification afs="60" aft="60" />
            </texture>

            <transformations>
                <translation x="190" y="6" z="140" />
                <rotation axis="x" angle="90" />
            </transformations>
 
            <descendants>               
                <leaf type="defbarrel" base="3" middle="6" height="10" slices="200" stacks="200" />
            </descendants>
        </node>
        <node id="barrelRadiusDemo3">
            <material id="null" />

            <texture id="null">
                <amplification afs="60" aft="60" />
            </texture>

            <transformations>
                <translation x="210" y="6" z="140" />
                <rotation axis="x" angle="90" />
            </transformations>
 
            <descendants>               
                <leaf type="defbarrel" base="6" middle="3" height="10" slices="200" stacks="200" />
            </descendants>
        </node>
        <node id="patchDemo">
            <material id="null" />

            <texture id="test">
                <amplification afs="60" aft="60" />
            </texture>

            <transformations>
            </transformations>
 
            <descendants>
                <noderef id="patchDemo1" />
                <noderef id="patchDemo2" />
                <noderef id="patchDemo3" />
            </descendants>
        </node>
        <node id="patchDemo1">
            <material id="null" />

            <texture id="null">
                <amplification afs="60" aft="60" />
            </texture>

            <transformations>
                <translation x="230" y="6" z="140" />
                <rotation axis="x" angle="-90"/>
            </transformations>
 
            <descendants>               
                <leaf type="patch" npartsU="20" npartsV="20" npointsU="3" npointsV="2">
                    <controlpoint xx="-1.5" yy="-1.5" zz="0.0" />
                    <controlpoint xx="-1.5" yy="1.5" zz="0.0" />
                    <controlpoint xx="0.0" yy="-1.5" zz="3.0" />
                    <controlpoint xx="0.0" yy="1.5" zz="3.0" />
                    <controlpoint xx="1.5" yy="-1.5" zz="0.0" />
                    <controlpoint xx="1.5" yy="1.5" zz="0.0" />
                </leaf>
            </descendants>
        </node>
        <node id="patchDemo2">
            <material id="null" />

            <texture id="null">
                <amplification afs="60" aft="60" />
            </texture>

            <transformations>
                <translation x="240" y="6" z="140" />
                <rotation axis="x" angle="-90"/>
            </transformations>
 
            <descendants>               
                <leaf type="patch" npartsU="20" npartsV="20" npointsU="3" npointsV="4">
                    <controlpoint xx="-1.5" yy="-1.5" zz="0.0" />
                    <controlpoint xx="-2.0" yy="-2.0" zz="2.0" />
                    <controlpoint xx="-2.0" yy="2.0" zz="2.0" />
                    <controlpoint xx="-1.5" yy="1.5" zz="0.0" />

                    <controlpoint xx="0" yy="0.0" zz="3.0" />
                    <controlpoint xx="0" yy="-2.0" zz="3.0" />
                    <controlpoint xx="0" yy="2.0" zz="3.0" />
                    <controlpoint xx="0" yy="0.0" zz="3.0" />

                    <controlpoint xx="1.5" yy="-1.5" zz="0.0" />
                    <controlpoint xx="2.0" yy="-2.0" zz="2.0" />
                    <controlpoint xx="2.0" yy="2.0" zz="2.0" />
                    <controlpoint xx="1.5" yy="1.5" zz="0.0" />
                </leaf>
            </descendants>
        </node>
        <node id="patchDemo3">
            <material id="null" />

            <texture id="null">
                <amplification afs="60" aft="60" />
            </texture>

            <transformations>
                <translation x="250" y="6" z="140" />
                <rotation axis="x" angle="-90"/>
            </transformations>
 
            <descendants>               
                <leaf type="patch" npartsU="20" npartsV="20" npointsU="3" npointsV="4">
                    <controlpoint xx="-2.0" yy="-2.0" zz="1.0" />
                    <controlpoint xx="-2.0" yy="-1.0" zz="-2.0" />
                    <controlpoint xx="-2.0" yy="1.0" zz="5.0" />
                    <controlpoint xx="-2.0" yy="2.0" zz="-1.0" />

                    <controlpoint xx="0.0" yy="-2.0" zz="0.0" />
                    <controlpoint xx="0.0" yy="-1.0" zz="-1.0" />
                    <controlpoint xx="0.0" yy="1.0" zz="1.5" />
                    <controlpoint xx="0.0" yy="2.0" zz="0.0" />

                    <controlpoint xx="2.0" yy="-2.0" zz="-1.0" />
                    <controlpoint xx="2.0" yy="-1.0" zz="2.0" />
                    <controlpoint xx="2.0" yy="1.0" zz="-5.0" />
                    <controlpoint xx="2.0" yy="2.0" zz="1.0" />
                </leaf>
            </descendants>
        </node>
        <node id="scalingFactorDemonstration">
            <material id="null" />

            <texture id="gryffindorTexture">
                <amplification afs="1" aft="1" />
            </texture>

            <transformations>
                <translation x="140" y="0" z="140" />
                <scale sx="0.9" sy="0.9" sz="0.9" />
            </transformations>
 
            <descendants>
                <noderef id="sfdemoTR1" />
                <noderef id="sfdemoTR2" />
            </descendants>
        </node>
        <node id="sfdemoTR1">
            <material id="null" />

            <texture id="null">
                <amplification afs="4" aft="2" />
            </texture>

            <transformations>
            </transformations>
 
            <descendants>
                <noderef id="sfdemoTR1Plane" />
                <leaf type="rectangle" x1="-10" y1="0" x2="-6" y2="4" />
                <leaf type="triangle" x1="-5" y1="0" x2="-1" y2="0" x3="-3" y3="4" />
            </descendants>
        </node>
        <node id="sfdemoTR1Plane">
            <material id="null" />

            <texture id="null">
                <amplification afs="1" aft="0.5" />
            </texture>

            <transformations>
                <translation x="-13" y="2" z="0" />
                <rotation axis="x" angle="90" />
                <scale sx="4" sy="4" sz="4" />
            </transformations>
 
            <descendants>
                <leaf type="plane" npartsU="20" npartsV="20" />
            </descendants>
        </node>
        <node id="sfdemoTR2">
            <material id="null" />

            <texture id="null">
                <amplification afs="0.5" aft="0.25" />
            </texture>

            <transformations>
            </transformations>
 
            <descendants>
                <noderef id="sfdemoTR2Plane" />
                <leaf type="rectangle" x1="1" y1="0" x2="5" y2="4" />
                <leaf type="triangle" x1="6" y1="0" x2="10" y2="0" x3="8" y3="4" />
            </descendants>
        </node>
        <node id="sfdemoTR2Plane">
            <material id="null" />

            <texture id="null">
                <amplification afs="0.125" aft="0.0625" />
            </texture>

            <transformations>
                <translation x="13" y="2" z="0" />
                <rotation axis="x" angle="90" />
                <scale sx="4" sy="4" sz="4" />
            </transformations>
 
            <descendants>
                <leaf type="plane" npartsU="20" npartsV="20" />
            </descendants>
        </node>
        <!--
            **********************************
            ********** OUTSIDE TENT **********
            **********************************
        -->
        <node id="tent">
            <material id="tentMaterial" />

            <texture id="tentTissue">
                <amplification afs="1" aft="1" />
            </texture>

            <descendants>
                <noderef id="tentWelcome" />
                <noderef id="tentRoof" />
                <noderef id="tentWalls" />
                <noderef id="tentDoor" />
            </descendants>

            <transformations>
                <translation x="-10" y="0" z="27" />
                <rotation axis="y" angle="90" />
            </transformations>
        </node>
        <node id="tentDoor">
            <material id="null" />

            <texture id="null">
                <amplification afs="1" aft="1" />
            </texture>

            <transformations>
                <translation x="-0.01" y="0" z="10"/>
                <scale sx="5" sy="5" sz="5"/>
                <rotation axis="y" angle="-90" />
                <translation x="0" y="0.5" z="0"/>
            </transformations>

            <descendants>
                <leaf type="spriteanim" ssid="door" duration="1" startCell="0" endCell="11" />
            </descendants>
        </node>
        <node id="tentWelcome">
            <material id="null" />

            <texture id="null">
                <amplification afs="1" aft="1" />
            </texture>

            <transformations>
            </transformations>

            <descendants>
                <noderef id="flagPole1" />
                <noderef id="flagPole2" />
                <noderef id="welcomeMessage" />
            </descendants>
        </node>
        <node id="welcomeMessage">
            <material id="null" />

            <texture id="null">
                <amplification afs="1" aft="1" />
            </texture>

            <transformations>
                <translation x="0" y="9.5" z="10"/>
                <rotation axis="y" angle="-90" />
            </transformations>

            <descendants>
                <noderef id="welcomeMessageFront1" />
                <noderef id="welcomeMessageFront2" />
                <noderef id="welcomeMessageBack" />
            </descendants>
        </node>
        <node id="welcomeMessageFront1">
            <material id="null" />

            <texture id="null">
                <amplification afs="1" aft="1" />
            </texture>

            <transformations>
            </transformations>

            <descendants>
                <leaf type="spritetext" text="  Triwizard   "/>
            </descendants>
        </node>
        <node id="welcomeMessageFront2">
            <material id="null" />

            <texture id="null">
                <amplification afs="1" aft="1" />
            </texture>

            <transformations>
                <translation x="0" y="-1" z="0" />
            </transformations>

            <descendants>
                <leaf type="spritetext" text="  Tournament  "/>
            </descendants>
        </node>
        <node id="welcomeMessageBack">
            <material id="metalMaterial" />

            <texture id="metalTexture">
                <amplification afs="14" aft="14" />
            </texture>

            <transformations>
            </transformations>

            <descendants>
                <leaf type="rectangle" x1="-7" y1="0.5" x2="7" y2="-1.5"/>
            </descendants>
        </node>
        <node id="flagPole1">
            <material id="metalMaterial" />

            <texture id="metalTexture">
                <amplification afs="1" aft="1" />
            </texture>

            <transformations>
                <translation x="0" y="0" z="3"/>
                <rotation axis="x" angle="-90" />
            </transformations>

            <descendants>
                <leaf type="cylinder" height="11" topRadius="0" bottomRadius="0.5" stacks="5" slices="20" />
            </descendants>
        </node>
        <node id="flagPole2">
            <material id="null" />

            <texture id="null">
                <amplification afs="1" aft="1" />
            </texture>

            <transformations>
                <translation x="0" y="0" z="14"/>
            </transformations>

            <descendants>
                <noderef id="flagPole1" />
            </descendants>
        </node>
        <node id="tentRoof">
            <material id="null" />

            <texture id="null">
                <amplification afs="1" aft="1" />
            </texture>

            <transformations>
            </transformations>

            <descendants>
                <noderef id="tentTriangle1" />
                <noderef id="tentTriangle2" />
                <noderef id="tentParallelogram1" />
                <noderef id="tentParallelogram2" />
            </descendants>
        </node>
        <node id="tentTriangle1">
            <material id="null" />

            <texture id="null">
                <amplification afs="1" aft="1" />
            </texture>
            
            <transformations>
                <translation x="4" y="5" z="0" />
                <rotation axis="x" angle="45" />
                <rotation axis="y" angle="180" />
            </transformations>

            <descendants>
                <noderef id="tentTriangle" />
            </descendants>
        </node>
        <node id="tentTriangle2">
            <material id="null" />

            <texture id="null">
                <amplification afs="1" aft="1" />
            </texture>

            <transformations>
                <translation x="4" y="5" z="20" />
                <rotation axis="x" angle="-45" />
            </transformations>

            <descendants>
                <noderef id="tentTriangle" />
            </descendants>
        </node>
        <node id="tentTriangle">
            <material id="null" />

            <texture id="null">
                <amplification afs="15" aft="15" />
            </texture>

            <transformations>
            </transformations>

            <descendants>
                <leaf type="triangle" x1="-4" y1="0" x2="4" y2="0" x3="0" y3="4.2426" /> <!-- sqrt(18) => sqrt(34)**2 = 4**2 + x**2-->
            </descendants>
        </node>
        <node id="tentParallelogram1">
            <material id="null" />

            <texture id="null">
                <amplification afs="1" aft="1" />
            </texture>

            <transformations>
                <translation x="8" y="5" z="20" />
                <rotation axis="z" angle="53.13" /> <!-- 90 - arctan(3/4) -->
                <rotation axis="y" angle="90" />
            </transformations>

            <descendants>
                <noderef id="tentParallelogram" />
            </descendants>
        </node>
        <node id="tentParallelogram2">
            <material id="null" />

            <texture id="null">
                <amplification afs="1" aft="1" />
            </texture>

            <transformations>
                <translation x="0" y="5" z="0" />
                <rotation axis="z" angle="-53.13" /> <!-- 90 - arctan(3/4) -->
                <rotation axis="y" angle="270" />
            </transformations>

            <descendants>
                <noderef id="tentParallelogram" />
            </descendants>
        </node>
        <node id="tentParallelogram">
            <material id="null" />

            <texture id="null">
                <amplification afs="1" aft="1" />
            </texture>

            <transformations>
            </transformations>

            <descendants>
                <noderef id="parallelogramTriangle1" />
                <noderef id="parallelogramTriangle2" />
                <noderef id="parallelogramRectangle" />
            </descendants>
        </node>
        <node id="parallelogramTriangle1">
            <material id="null" />

            <texture id="null">
                <amplification afs="15" aft="15" />
            </texture>

            <transformations>
            </transformations>

            <descendants>
                <leaf type="triangle" x1="0" y1="0" x2="3" y2="0" x3="3" y3="5" />
            </descendants>
        </node>
        <node id="parallelogramTriangle2">
            <material id="null" />

            <texture id="null">
                <amplification afs="15" aft="15" />
            </texture>

            <transformations>
            </transformations>

            <descendants>
                <leaf type="triangle" x1="17" y1="0" x2="20" y2="0" x3="17" y3="5" />
            </descendants>
        </node>
        <node id="parallelogramRectangle">
            <material id="null" />

            <texture id="null">
                <amplification afs="1" aft="1" />
            </texture>

            <transformations>
                <translation x="10" y="2.5" z="0" />
                <rotation axis="x" angle="90" />
                <scale sx="14" sy="1" sz="5" />
            </transformations>

            <descendants>
                <leaf type="plane" npartsU="60" npartsV="60" />
            </descendants>
        </node>
        <node id="tentWalls">
            <material id="null" />

            <texture id="null">
                <amplification afs="1" aft="1" />
            </texture>

            <transformations>
            </transformations>

            <descendants>
                <noderef id="tentWall1" />
                <noderef id="tentWall2" />
                <noderef id="tentWall3" />
                <noderef id="tentWall4" />
            </descendants>
        </node>
        <node id="tentWall1">
            <material id="null" />

            <texture id="null">
                <amplification afs="1" aft="1" />
            </texture>

            <transformations>
                <translation x="0" y="0" z="20" />
            </transformations>

            <descendants>
                <noderef id="tentWall" />
            </descendants>
        </node>
        <node id="tentWall2">
            <material id="null" />

            <texture id="null">
                <amplification afs="1" aft="1" />
            </texture>

            <transformations>
                <translation x="8" y="0" z="20" />
                <scale sx="1" sy="1" sz="2.5" />
                <rotation axis="y" angle="-270" />
            </transformations>

            <descendants>
                <noderef id="tentWall" />
            </descendants>
        </node>
        <node id="tentWall3">
            <material id="null" />

            <texture id="null">
                <amplification afs="1" aft="1" />
            </texture>

            <transformations>
                <translation x="8" y="0" z="0" />
                <rotation axis="y" angle="180" />
            </transformations>

            <descendants>
                <noderef id="tentWall" />
            </descendants>
        </node>
        <node id="tentWall4">
            <material id="null" />

            <texture id="null">
                <amplification afs="1" aft="1" />
            </texture>

            <transformations>
                <scale sx="1" sy="1" sz="2.5" />
                <rotation axis="y" angle="-90" />
            </transformations>

            <descendants>
                <noderef id="tentWall" />
            </descendants>
        </node>
        <node id="tentWall">
            <material id="null" />

            <texture id="null">
                <amplification afs="1" aft="1" />
            </texture>

            <transformations>
                <translation x="4" y="2.5" z="0" />
                <scale sx="8" sy="5" sz="1" />
                <rotation axis="x" angle="90" />
            </transformations>

            <descendants>
                <leaf type="plane" npartsU="30" npartsV="30" />
            </descendants>
        </node>

        <!--
            *************************************
            ********** QUIDDITCH FIELD **********
            *************************************
        -->
        <node id="quidditchField">
            <material id="null" />

            <texture id="null">
                <amplification afs="1" aft="1" />
            </texture>

            <transformations>
            </transformations>

            <descendants>
                <noderef id="fieldPlayingArea" />
                <noderef id="fieldDelimiters" />
            </descendants>
        </node>
        <node id="fieldPlayingArea">
            <material id="metalMaterial" />

            <texture id="metalTexture">
                <amplification afs="1" aft="1" />
            </texture>

            <transformations>
            </transformations>

            <descendants>
                <noderef id="hoopSetL" />
                <noderef id="hoopSetR" />
            </descendants>
        </node>
        <node id="fieldDelimiters">
            <material id="null" />

            <texture id="null">
                <amplification afs="1" aft="1" />
            </texture>

            <transformations>
            </transformations>

            <descendants>
                <noderef id="fieldGroundBarrier" />
                <noderef id="towerSetT" />
                <noderef id="towerSetD" />
            </descendants>
        </node>
        <node id="fieldGroundBarrier">
            <material id="woodMaterial" />

            <texture id="groundBarrierTexture">
                <amplification afs="1" aft="1" />
            </texture>

            <transformations>
                <scale sx="1.6" sy="3" sz="1" />
                <rotation axis="x" angle="-90" />
            </transformations>

            <descendants>
                <leaf type="torus" inner="1.45" outer="15" slices="4" loops="128" /> 
            </descendants>
        </node>
        <!--
            ********** QUIDDITCH HOOPS **********
        -->
        <node id="hoopSetL">
            <material id="null" />

            <texture id="null">
                <amplification afs="1" aft="1" />
            </texture>

            <transformations>
                <translation x="-15" y="0" z="0" />
                <rotation axis="y" angle="180" />
            </transformations>

            <descendants>
                <noderef id="hoop1" />
                <noderef id="hoop2" />
                <noderef id="hoop3" />
            </descendants>
        </node>

        <node id="hoopSetR">
            <material id="null" />

            <texture id="null">
                <amplification afs="1" aft="1" />
            </texture>

            <transformations>
                <translation x="15" y="0" z="0" />
            </transformations>

            <descendants>
                <noderef id="hoop1" />
                <noderef id="hoop2" />
                <noderef id="hoop3" />
            </descendants>
        </node>
        <node id="hoop1">
            <material id="null" />

            <texture id="null">
                <amplification afs="1" aft="1" />
            </texture>

            <transformations>
            </transformations>

            <descendants>
                <noderef id="hoopPole1" />
                <noderef id="hoopHole1" />
            </descendants>
        </node>
        <node id="hoopHole1">
            <material id="null" />

            <texture id="null">
                <amplification afs="1" aft="1" />
            </texture>

            <transformations>
                <translation x="0" y="11" z="0" />
                <rotation axis="y" angle="90" />
            </transformations>

            <descendants>
                <noderef id="hoopHole" />
            </descendants>
        </node>
        <node id="hoopPole1">
            <material id="null" />

            <texture id="null">
                <amplification afs="1" aft="1" />
            </texture>

            <transformations>
                <scale sx="0.3" sy="1" sz="0.3" />
            </transformations>

            <descendants>
                <noderef id="hoopPole" />
            </descendants>
        </node>
        <node id="hoop2">
            <material id="null" />

            <texture id="null">
                <amplification afs="1" aft="1" />
            </texture>

            <transformations>
                <translation x="0" y="0" z="3.5" />
            </transformations>

            <descendants>
                <noderef id="hoopPole2" />
                <noderef id="hoopHole2" />
            </descendants>
        </node>
        <node id="hoopHole2">
            <material id="null" />

            <texture id="null">
                <amplification afs="1" aft="1" />
            </texture>

            <transformations>
                <translation x="0" y="9" z="0" />
                <rotation axis="y" angle="90" />
            </transformations>

            <descendants>
                <noderef id="hoopHole" />
            </descendants>
        </node>
        <node id="hoopPole2">
            <material id="null" />

            <texture id="null">
                <amplification afs="1" aft="1" />
            </texture>
 
            <transformations>
                <scale sx="0.3" sy="0.8" sz="0.3" />
            </transformations>

            <descendants>
                <noderef id="hoopPole" />
            </descendants>
        </node>
        <node id="hoop3">
            <material id="null" />

            <texture id="null">
                <amplification afs="1" aft="1" />
            </texture>

            <transformations>
                <translation x="0" y="0" z="-3.5" />
            </transformations>

            <descendants>
                <noderef id="hoopPole3" />
                <noderef id="hoopHole3" />
            </descendants>
        </node>
        <node id="hoopHole3">
            <material id="null" />

            <texture id="null">
                <amplification afs="1" aft="1" />
            </texture>

            <transformations>
                <translation x="0" y="7" z="0" />
                <rotation axis="y" angle="90" />
            </transformations>

            <descendants>
                <noderef id="hoopHole" />
            </descendants>
        </node>
        <node id="hoopPole3">
            <material id="null" />

            <texture id="null">
                <amplification afs="1" aft="1" />
            </texture>
 
            <transformations>
                <scale sx="0.3" sy="0.6" sz="0.3" />
            </transformations>

            <descendants>
                <noderef id="hoopPole" />
            </descendants>
        </node>

        <node id="hoopPole">
            <material id="null" />

            <texture id="null">
                <amplification afs="1" aft="1" />
            </texture>

            <transformations>
                <rotation axis="x" angle="-90" />
            </transformations>

            <descendants>
                <leaf type="cylinder" height="10" topRadius="0.5" bottomRadius="0.5" stacks="5" slices="20"/>
            </descendants>
        </node>
        <node id="hoopHole">
            <material id="null" />

            <texture id="null">
                <amplification afs="1" aft="1" />
            </texture>

            <transformations>
            </transformations>

            <descendants>
                <leaf type="torus" inner=".15" outer="1" slices="16" loops="64" />
            </descendants>
        </node>
        <!--
            ********** QUIDDITCH TOWERS **********
        -->
        <node id="towerSetT">
            <material id="null" />

            <texture id="null">
                <amplification afs="1" aft="1" />
            </texture>

            <transformations>
            </transformations>

            <descendants>
                <noderef id="tower1" />
                <noderef id="tower2" />
                <noderef id="tower3" />
                <noderef id="tower4" />
            </descendants>
        </node>
        <node id="towerSetD">
            <material id="null" />

            <texture id="null">
                <amplification afs="1" aft="1" />
            </texture>

            <transformations>
                <rotation axis="y" angle="180" />
            </transformations>

            <descendants>
                <noderef id="towerSetT" />
            </descendants>
        </node>
        <node id="tower1">
            <material id="null" />

            <texture id="hufflepuffTexture">
                <amplification afs="1" aft="1" />
            </texture>

            <transformations>
                <translation x="-19.416" y="0" z="-8.816" />
                <rotation axis="y" angle="43.8" />
            </transformations>

            <descendants>
                <noderef id="tower" />
                <noderef id="towerCeiling1" />
            </descendants>
        </node>
        <node id="tower2">
            <material id="null" />

            <texture id="ravenclawTexture">
                <amplification afs="1" aft="1" />
            </texture>

            <transformations>
                <translation x="-7.74" y="0" z="-14.6" />
                <rotation axis="y" angle="13" />
            </transformations>

            <descendants>
                <noderef id="tower" />
                <noderef id="towerCeiling2" />
            </descendants>
        </node>
        <node id="tower3">
            <material id="null" />

            <texture id="gryffindorTexture">
                <amplification afs="1" aft="1" />
            </texture>

            <transformations>
                <translation x="7.74" y="0" z="-14.6" />
                <rotation axis="y" angle="-13" />
            </transformations>

            <descendants>
                <noderef id="tower" />
                <noderef id="towerCeiling3" />
            </descendants>
        </node>
        <node id="tower4">
            <material id="null" />

            <texture id="slytherinTexture">
                <amplification afs="1" aft="1" />
            </texture>

            <transformations>
                <translation x="19.416" y="0" z="-8.816" />
                <rotation axis="y" angle="-43.8" />
            </transformations>

            <descendants>
                <noderef id="tower" />
                <noderef id="towerCeiling4" />
            </descendants>
        </node>
        <node id="tower">
            <material id="towerMaterial" />

            <texture id="null">
                <amplification afs="1" aft="1" />
            </texture>

            <transformations>
            </transformations>

            <descendants>
                <noderef id="towerCabin" />
                <noderef id="towerBody" />
            </descendants>
        </node>
        <node id="towerCeiling1">
            <material id="null" />

            <texture id="null">
                <amplification afs="1" aft="1" />
            </texture>

            <transformations>
                <translation x="0" y="20" z="0" />
            </transformations>

            <descendants>
                <noderef id="towerCeilingTriangle1" />
                <noderef id="towerCeilingTriangle2" />
                <noderef id="towerCeilingTriangle3" />
                <noderef id="towerCeilingTriangle4" />
                <noderef id="towerCeilingFlag1" />
            </descendants>
        </node>
        <node id="towerCeiling2">
            <material id="null" />

            <texture id="null">
                <amplification afs="1" aft="1" />
            </texture>

            <transformations>
                <translation x="0" y="20" z="0" />
            </transformations>

            <descendants>
                <noderef id="towerCeilingTriangle1" />
                <noderef id="towerCeilingTriangle2" />
                <noderef id="towerCeilingTriangle3" />
                <noderef id="towerCeilingTriangle4" />
                <noderef id="towerCeilingFlag2" />
            </descendants>
        </node>
        <node id="towerCeiling3">
            <material id="null" />

            <texture id="null">
                <amplification afs="1" aft="1" />
            </texture>

            <transformations>
                <translation x="0" y="20" z="0" />
            </transformations>

            <descendants>
                <noderef id="towerCeilingTriangle1" />
                <noderef id="towerCeilingTriangle2" />
                <noderef id="towerCeilingTriangle3" />
                <noderef id="towerCeilingTriangle4" />
                <noderef id="towerCeilingFlag3" />
            </descendants>
        </node>
        <node id="towerCeiling4">
            <material id="null" />

            <texture id="null">
                <amplification afs="1" aft="1" />
            </texture>

            <transformations>
                <translation x="0" y="20" z="0" />
            </transformations>

            <descendants>
                <noderef id="towerCeilingTriangle1" />
                <noderef id="towerCeilingTriangle2" />
                <noderef id="towerCeilingTriangle3" />
                <noderef id="towerCeilingTriangle4" />
                <noderef id="towerCeilingFlag4" />
            </descendants>
        </node>
        <node id="towerCeilingTriangle1">
            <material id="null" />

            <texture id="null">
                <amplification afs="1" aft="1" />
            </texture>

            <transformations>
            </transformations>

            <descendants>
                <noderef id="towerCeilingTriangle" />
            </descendants>
        </node>
        <node id="towerCeilingTriangle2">
            <material id="null" />

            <texture id="null">
                <amplification afs="1" aft="1" />
            </texture>

            <transformations>
                <rotation axis="y" angle="90" />
            </transformations>

            <descendants>
                <noderef id="towerCeilingTriangle" />
            </descendants>
        </node>
        <node id="towerCeilingTriangle3">
            <material id="null" />

            <texture id="null">
                <amplification afs="1" aft="1" />
            </texture>

            <transformations>
                <rotation axis="y" angle="180" />
            </transformations>

            <descendants>
                <noderef id="towerCeilingTriangle" />
            </descendants>
        </node>
        <node id="towerCeilingTriangle4">
            <material id="null" />

            <texture id="null">
                <amplification afs="1" aft="1" />
            </texture>

            <transformations>
                <rotation axis="y" angle="270" />
            </transformations>

            <descendants>
                <noderef id="towerCeilingTriangle" />
            </descendants>
        </node>
        <node id="towerCeilingTriangle">
            <material id="null" />

            <texture id="null">
                <amplification afs="4" aft="2" />
            </texture>

            <transformations>
                <translation x="-2" y="0" z="-2" />
                <rotation axis="x" angle="26.56" /><!-- 90 - arctan(4/2) -->
            </transformations>

            <descendants>
                <leaf type="triangle" x1="4" y1="0" x2="0" y2="0" x3="2" y3="4.4721" />  <!-- y3 = sqrt(20) -->
            </descendants>
        </node>
        <node id="towerCeilingFlag1">
            <material id="null" />

            <texture id="null">
                <amplification afs="1" aft="1" />
            </texture>

            <transformations>
                <translation x="0" y="3" z="0" />
            </transformations>

            <descendants>
                <noderef id="towerCeilingPole" />
                <noderef id="towerCeilingBanner1" />
                <noderef id="flagSphere" />
            </descendants>
        </node>
        <node id="towerCeilingFlag2">
            <material id="null" />

            <texture id="null">
                <amplification afs="1" aft="1" />
            </texture>

            <transformations>
                <translation x="0" y="3" z="0" />
            </transformations>

            <descendants>
                <noderef id="towerCeilingPole" />
                <noderef id="towerCeilingBanner2" />
                <noderef id="flagSphere" />
            </descendants>
        </node>
        <node id="towerCeilingFlag3">
            <material id="null" />

            <texture id="null">
                <amplification afs="1" aft="1" />
            </texture>

            <transformations>
                <translation x="0" y="3" z="0" />
            </transformations>

            <descendants>
                <noderef id="towerCeilingPole" />
                <noderef id="towerCeilingBanner3" />
                <noderef id="flagSphere" />
            </descendants>
        </node>
        <node id="towerCeilingFlag4">
            <material id="null" />

            <texture id="null">
                <amplification afs="1" aft="1" />
            </texture>

            <transformations>
                <translation x="0" y="3" z="0" />
            </transformations>

            <descendants>
                <noderef id="towerCeilingPole" />
                <noderef id="towerCeilingBanner4" />
                <noderef id="flagSphere" />
            </descendants>
        </node>
        <node id="flagSphere">
            <material id="null" />

            <texture id="null">
                <amplification afs="1" aft="1" />
            </texture>

            <transformations>
                <translation x="0" y="6.95" z="0" />
                <rotation axis="x" angle="-90" />
            </transformations>

            <descendants>
                <leaf type="sphere" radius="0.2" slices="15" stacks="15" />
            </descendants>
        </node>
        <node id="towerCeilingPole">
            <material id="metalMaterial" />

            <texture id="metalTexture">
                <amplification afs="1" aft="1" />
            </texture>

            <transformations>
                <rotation axis="x" angle="-90" />
            </transformations>

            <descendants>
                <leaf type="cylinder" height="7" topRadius="0.1" bottomRadius="0.1" stacks="5" slices="10"/>
            </descendants>
        </node>
        <node id="towerCeilingBanner1">
            <material id="null" />

            <texture id="null">
                <amplification afs="1" aft="1" />
            </texture>

            <transformations>
                <translation x="0" y="6.4" z="0" />
            </transformations>

            <animationref id="crazyBanner1" />

            <descendants>
                <noderef id="banner1" />
                <noderef id="banner1back" />
                <noderef id="banner2" />
                <noderef id="banner2back" />
            </descendants>
        </node>
        <node id="towerCeilingBanner2">
            <material id="null" />

            <texture id="null">
                <amplification afs="1" aft="1" />
            </texture>

            <transformations>
                <translation x="0" y="6.4" z="0" />
            </transformations>

            <animationref id="crazyBanner2" />

            <descendants>
                <noderef id="banner1" />
                <noderef id="banner1back" />
                <noderef id="banner2" />
                <noderef id="banner2back" />
            </descendants>
        </node>
        <node id="towerCeilingBanner3">
            <material id="null" />

            <texture id="null">
                <amplification afs="1" aft="1" />
            </texture>

            <transformations>
                <translation x="0" y="6.4" z="0" />
            </transformations>

            <animationref id="crazyBanner3" />

            <descendants>
                <noderef id="banner1" />
                <noderef id="banner1back" />
                <noderef id="banner2" />
                <noderef id="banner2back" />
            </descendants>
        </node>
        <node id="towerCeilingBanner4">
            <material id="null" />

            <texture id="null">
                <amplification afs="1" aft="1" />
            </texture>

            <transformations>
                <translation x="0" y="6.4" z="0" />
            </transformations>

            <animationref id="crazyBanner4" />

            <descendants>
                <noderef id="banner1" />
                <noderef id="banner1back" />
                <noderef id="banner2" />
                <noderef id="banner2back" />
            </descendants>
        </node>
        <node id="banner1">
            <material id="flagGenericMaterial" />

            <texture id="clear">
                <amplification afs="1" aft="1" />
            </texture>

            <transformations>
                <translation x="0" y="-0.3" z="0" />
            </transformations>

            <descendants>
                <noderef id="banner" />
            </descendants>
        </node>
        <node id="banner1back">
            <material id="flagGenericMaterial" />

            <texture id="clear">
                <amplification afs="1" aft="1" />
            </texture>

            <transformations>
                <rotation axis="x" angle="180" />
            </transformations>

            <descendants>
                <noderef id="banner" />
            </descendants>
        </node>
        <node id="banner2">
            <material id="null" />

            <texture id="null">
                <amplification afs="1" aft="1" />
            </texture>

            <transformations>
            </transformations>

            <descendants>
                <noderef id="banner" />
            </descendants>
        </node>
        <node id="banner2back">
            <material id="null" />

            <texture id="null">
                <amplification afs="1" aft="1" />
            </texture>

            <transformations>
                <translation x="0" y="0.3" z="0" />
                <rotation axis="x" angle="180" />
            </transformations>

            <descendants>
                <noderef id="banner" />
            </descendants>
        </node>
        <node id="banner">
            <material id="null" />

            <texture id="null">
                <amplification afs="0.4" aft="0.2" />
            </texture>

            <transformations>
            </transformations>

            <descendants>
                <noderef id="bannerTriangle" />
                <noderef id="bannerRectangle" />
            </descendants>
        </node>
        <node id="bannerRectangle">
            <material id="null" />

            <texture id="null">
                <amplification afs="0.4" aft="0.6666" />
            </texture>

            <transformations>
                <translation x="0.5" y="0.15" z="0" />
                <scale sx="1" sy="0.3" sz="1" />
                <rotation axis="x" angle="90" />
            </transformations>

            <descendants>
                <leaf type="plane" npartsU="10" npartsV="10" />
            </descendants>
        </node>
        <node id="bannerTriangle">
            <material id="null" />

            <texture id="null">
                <amplification afs="0.4" aft="0.2" />
            </texture>

            <transformations>
            </transformations>

            <descendants>
                <leaf type="triangle" x1="1" y1="0.3" x2="1" y2="0" x3="1.6" y3="0.15" />
            </descendants>
        </node>
        <node id="towerBody">
            <material id="null" />

            <texture id="null">
                <amplification afs="1" aft="1" />
            </texture>

            <transformations>
            </transformations>

            <descendants>
                <noderef id="towerBodyWall1" />
                <noderef id="towerBodyWall2" />
                <noderef id="towerBodyWall3" />
                <noderef id="towerBodyWall4" />
            </descendants>
        </node>
        <node id="towerBodyWall1">
            <material id="null" />

            <texture id="null">
                <amplification afs="1" aft="1" />
            </texture>

            <transformations>
                <translation x="0" y="0" z="2" />
            </transformations>

            <descendants>
                <noderef id="towerBodyWall" />
            </descendants>
        </node>
        <node id="towerBodyWall2">
            <material id="null" />

            <texture id="null">
                <amplification afs="1" aft="1" />
            </texture>

            <transformations>
                <translation x="2" y="0" z="0" />
                <rotation axis="y" angle="90" />
            </transformations>

            <descendants>
                <noderef id="towerBodyWall" />
            </descendants>
        </node>
        <node id="towerBodyWall3">
            <material id="null" />

            <texture id="null">
                <amplification afs="1" aft="1" />
            </texture>

            <transformations>
                <translation x="-2" y="0" z="0" />
                <rotation axis="y" angle="270" />
            </transformations>

            <descendants>
                <noderef id="towerBodyWall" />
            </descendants>
        </node>
        <node id="towerBodyWall4">
            <material id="null" />

            <texture id="null">
                <amplification afs="1" aft="1" />
            </texture>

            <transformations>
                <translation x="0" y="0" z="-2" />
                <rotation axis="y" angle="180" />
            </transformations>

            <descendants>
                <noderef id="towerBodyWall" />
            </descendants>
        </node>
        <node id="towerBodyWall">
            <material id="null" />

            <texture id="null">
                <amplification afs="1" aft="0.166667" />
            </texture>

            <transformations>
                <translation x="0" y="6" z="0" />
                <rotation axis="x" angle="90" />
                <scale sx="4" sy="1" sz="12" />
            </transformations>

            <descendants>
                <leaf type="plane" npartsU="20" npartsV="20" />
            </descendants>
        </node>
        <node id="towerCabin">
            <material id="null" />

            <texture id="null">
                <amplification afs="1" aft="1" />
            </texture>

            <transformations>
                <translation x="0" y="12" z="0" />
            </transformations>

            <descendants>
                <noderef id="towerCabinRoof" /> <!-- One needs to be turned upside down -->
                <noderef id="towerCabinStands" />
            </descendants>
        </node>
        <node id="towerCabinRoof">
            <material id="null" />

            <texture id="null">
                <amplification afs="1" aft="1" />
            </texture>

            <transformations>
                <translation x="0" y="8" z="0" />
                <scale sx="-1" sy="1" sz="-1" />
                <rotation axis="x" angle="180" />
            </transformations>

            <descendants>
                <noderef id="cabinStructure" />
            </descendants>
        </node>
        <node id="towerCabinStands">
            <material id="null" />

            <texture id="null">
                <amplification afs="1" aft="1" />
            </texture>

            <transformations>
            </transformations>

            <descendants>
                <noderef id="cabinStructure" />
                <noderef id="cabinStands" />
            </descendants>
        </node>
        <node id="cabinStructure">
            <material id="null" />

            <texture id="null">
                <amplification afs="1" aft="1" />
            </texture>

            <transformations>
            </transformations>

            <descendants>
                <noderef id="cabinWall1" />
                <noderef id="cabinWall2" />
                <noderef id="cabinBackWall" />
                <noderef id="cabinFloor" />
            </descendants>
        </node>
        <node id="cabinFloor">
            <material id="null" />

            <texture id="genericWood">
                <amplification afs="1" aft="1" />
            </texture>

            <transformations>
                <rotation axis="x" angle="-90" />
                <scale sx="4" sy="4" sz="1" />
            </transformations>

            <descendants>
                <noderef id="standsRectangle" />
            </descendants>
        </node>
        <node id="cabinWall1">
            <material id="null" />

            <texture id="null">
                <amplification afs="1" aft="1" />
            </texture>

            <transformations>
                <translation x="-2" y="0" z="-2" />
                <rotation axis="y" angle="-90" />
            </transformations>

            <descendants>
                <noderef id="wallTriangle" />
            </descendants>
        </node>
        <node id="cabinWall2">
            <material id="null" />

            <texture id="null">
                <amplification afs="1" aft="1" />
            </texture>

            <transformations>
                <translation x="2" y="0" z="-2" />
                <scale sx="1" sy="1" sz="-1" />
                <rotation axis="y" angle="90" />
            </transformations>

            <descendants>
                <noderef id="wallTriangle" />
            </descendants>
        </node>
        <node id="cabinStands">
            <material id="woodMaterial" />

            <texture id="genericWood">
                <amplification afs="1" aft="1" />
            </texture>

            <transformations>
            </transformations>

            <descendants>
                <noderef id="cabinStandStep1" />
                <noderef id="cabinStandStep2" />
            </descendants>
        </node>
        <node id="cabinStandStep2">
            <material id="null" />

            <texture id="null">
                <amplification afs="1" aft="1" />
            </texture>

            <transformations>
                <translation x="0" y="1" z="-2" />
            </transformations>

            <descendants>
                <noderef id="cabinStandStepRect1" />
                <noderef id="cabinStandStepRect2" />
            </descendants>
        </node>
        <node id="cabinStandStep1">
            <material id="null" />

            <texture id="null">
                <amplification afs="1" aft="1" />
            </texture>

            <transformations>
                <translation x="0" y="0" z="-1" />
            </transformations>

            <descendants>
                <noderef id="cabinStandStepRect1" />
                <noderef id="cabinStandStepRect2" />
            </descendants>
        </node>
        <node id="cabinStandStepRect1">
            <material id="null" />

            <texture id="null">
                <amplification afs="1" aft="1" />
            </texture>

            <transformations>
                <translation x="0" y="0.5" z="1" />
                <scale sx="4" sy="1" sz="1" />
            </transformations>

            <descendants>
                <noderef id="standsRectangle" />
            </descendants>
        </node>

        <node id="cabinStandStepRect2">
            <material id="null" />

            <texture id="null">
                <amplification afs="1" aft="1" />
            </texture>

            <transformations>
                <translation x="0" y="1" z="0.5" />
                <rotation axis="x" angle="-90" />
                <scale sx="4" sy="1" sz="1" />
            </transformations>

            <descendants>
                <noderef id="standsRectangle" />
            </descendants>
        </node>
        <node id="cabinBackWall">
            <material id="null" />

            <texture id="null">
                <amplification afs="1" aft="1" />
            </texture>

            <transformations>
                <translation x="0" y="2" z="-2" />
                <rotation axis="y" angle="180" />
                <scale sx="4" sy="4" sz="1" />
            </transformations>

            <descendants>
                <noderef id="standsRectangle" />
            </descendants>
        </node>
        <node id="wallTriangle">
            <material id="null" />

            <texture id="null">
                <amplification afs="4" aft="2" />
            </texture>

            <transformations>
            </transformations>

            <descendants>
                <leaf type="triangle" x1="0" y1="0" x2="4" y2="0" x3="0" y3="4" />
                <leaf type="triangle" x1="4" y1="0" x2="0" y2="0" x3="0" y3="4" />
            </descendants>
        </node>
        <node id="standsRectangle">
            <material id="null" />

            <texture id="null">
                <amplification aft="0.5" afs="1"/>
            </texture>

            <transformations>
            </transformations>

            <descendants>
                <noderef id="standsRectangle1" />
                <noderef id="standsRectangle2" />
            </descendants>
        </node>
        <node id="standsRectangle1">
            <material id="null" />

            <texture id="null">
                <amplification aft="0.5" afs="1"/>
            </texture>

            <transformations>
                <rotation angle="90" axis="x" />
            </transformations>

            <descendants>
                <leaf type="plane" npartsU="20" npartsV="20" />
            </descendants>
        </node>
        <node id="standsRectangle2">
            <material id="null" />

            <texture id="null">
                <amplification aft="0.5" afs="1"/>
            </texture>

            <transformations>
                <rotation angle="-90" axis="x" />
            </transformations>

            <descendants>
                <leaf type="plane" npartsU="20" npartsV="20" />
            </descendants>
        </node>
        <!--
            ******* NEW NODE TEMPLATE *******
            <node id="">
                <material id="null" />

                <texture id="null" />

                <descendants>

                </descendants>
            </node>
        -->
        <!--
            ******* Transformations *******
            <translation x="ff" y="ff" z="ff" />
            <rotation axis="cc" angle="ff" />
            <scale sx="ff" sy="ff" sz="ff" />
        -->
    </nodes>
</lsf>